"","species_name","order","family","genus","species","max_longevity_d","adult_mass_g","adult_brain_mass_g","adult_body_length_mm","maturity_d","female_maturity_d","age_first_reproduction_d","gestation_length_d","litter_size_n","litters_per_year_n","interbirth_interval_d","neonate_mass_g","weaning_age_d","generation_length_d","dispersal_km","hibernation_torpor","fossoriality","dphy_invertebrate","dphy_vertebrate","dphy_plant","trophic_level","activity_cycle","freshwater","marine","terrestrial_non.volant","terrestrial_volant","habitat_breadth_n","maximum.longevity..yrs.","specimen.origin","sample.size","data.quality"
"2","Acinonyx_jubatus","Carnivora","Felidae","Acinonyx","jubatus",7482.5,50577.92,115.012,1490.215,741.97,598.985,1217.27,90.12,3.04,0.7,541.879,465.33,107,2190,44.448,0,1,0,100,0,3,3,0,0,1,0,4,20.5,"captivity","large","high"
"7","Addax_nasomaculatus","Cetartiodactyla","Bovidae","Addax","nasomaculatus",10293,94288.68,201.5,1700,947.495,947.495,1066.86,276,1,1,357.255,5600,198,2555,12.92,0,1,0,0,100,1,1,0,0,1,0,1,28,"captivity","large","high"
"8","Aepyceros_melampus","Cetartiodactyla","Bovidae","Aepyceros","melampus",9344,52500,173.567,1460,498.97,477.485,730,196.74,1,1,364.75,5304.2,167,2674.112,9.363,0,1,0,0,100,1,2,0,0,1,0,2,25.6,"captivity","large","high"
"10","Ailuropoda_melanoleuca","Carnivora","Ursidae","Ailuropoda","melanoleuca",13432,117500,242.727,1422.99,2413.02,2351.485,2504.515,131.179,1.54,0.7,592.969,109.29,182,5246.699,14.582,0,1,0,10,90,1,2,0,0,1,0,1,36.8,"captivity","small","acceptable"
"11","Ailurus_fulgens","Carnivora","Ailuridae","Ailurus","fulgens",6935,4747.54,42.491,608.66,604.05,571.903,760.41,123.437,2,1,364.75,102.02,136.935,3650,2.497,0,1,10,10,80,1,2,0,0,1,0,1,19,"captivity","large","high"
"12","Alcelaphus_buselaphus","Cetartiodactyla","Bovidae","Alcelaphus","buselaphus",5828.847,159938.92,294.833,2151.663,711.99,670.153,927.7,240.637,0.997,1.077,358.255,11777.78,193,2863.875,17.277,0,1,0,0,100,1,2,0,0,1,0,4,22.5,"captivity","medium","acceptable"
"21","Alouatta_palliata","Primates","Atelidae","Alouatta","palliata",9125,5659.14,50.056,745.675,1578.42,1287.443,1382.13,186,1,0.6,533.819,368.75,433,3574.637,2.75,0,2,0,0,100,1,3,0,0,1,0,1,24,"captivity","small","acceptable"
"22","Alouatta_seniculus","Primates","Atelidae","Alouatta","seniculus",9125,6398.31,56.365,737.605,1690.22,1672.763,1671.7,190,1.2,0.815,465.356,293.42,372,3833.157,2.942,0,2,0,0,100,1,3,0,0,1,0,2,25,"captivity","small","acceptable"
"34","Antidorcas_marsupialis","Cetartiodactyla","Bovidae","Antidorcas","marsupialis",7300,33571.24,136.033,1227.5,331.73,213.08,500.475,169.49,1,1.05,364.75,3910,122.961,2563.153,7.321,0,1,0,0,100,1,2,0,0,1,0,3,19.8,"captivity","large","high"
"35","Antilocapra_americana","Cetartiodactyla","Antilocapridae","Antilocapra","americana",5657.5,45375,125.6,1405,534.68,540.84,365,247.445,1.89,1,364.75,3246.36,91,1652.842,8.641,0,1,0,0,100,1,2,0,0,1,0,3,17,"captivity","medium","acceptable"
"36","Antilope_cervicapra","Cetartiodactyla","Bovidae","Antilope","cervicapra",8723.5,37500,136,1225,700.04,539.338,669.16,167.699,1,1.9,221.628,3848,60,2747.35,7.781,0,1,0,0,100,1,3,0,0,1,0,2,23.9,"captivity","large","high"
"41","Aotus_lemurinus","Primates","Aotidae","Aotus","lemurinus",12337,837,16.922,337.5,755.15,755.15,889.981,134.831,1,1,364.75,98,76.09,2920,0.961,0,2,20,10,70,2,1,0,0,1,0,1,33.8,"captivity","medium","acceptable"
"42","Aotus_trivirgatus","Primates","Aotidae","Aotus","trivirgatus",10986.5,872.98,17.189,363.995,736.6,821,883.3,142,1.06,1.34,269.815,91.18,77,3559.188,0.984,0,2,20,10,70,2,1,0,0,1,0,1,30.1,"captivity","medium","acceptable"
"48","Apodemus_sylvaticus","Rodentia","Muridae","Apodemus","sylvaticus",2308.625,23.4,0.585,118.755,57.93,71,85,23.436,5.18,3.8,41.112,1.5,20.696,626.648,0.134,0,2,20,0,80,2,2,0,0,1,0,5,6.3,"captivity","medium","acceptable"
"49","Arctictis_binturong","Carnivora","Viverridae","Arctictis","binturong",9928,12999.99,42.321,875.075,1034.61,925,840,92,2.5,2,332.572,317.35,79,3650,4.345,0,1,0,50,50,2,1,0,0,1,0,2,27,"captivity","medium","acceptable"
"61","Ateles_fusciceps","Primates","Atelidae","Ateles","fusciceps",17520,7267.5,112.188,489.15,1799.68,1812.34,1773.9,227,1,0.5,925.366,425.925,598.516,5475,3.155,0,2,10,10,80,1,3,0,0,1,0,1,46,"captivity","large","acceptable"
"62","Ateles_geoffroyi","Primates","Atelidae","Ateles","geoffroyi",17520,7267.5,106.638,534.035,2104.57,1964.785,2080.5,229.185,1,0.32,1008.384,426,818.675,5475,3.155,0,2,10,10,80,1,3,0,0,1,0,1,47.1,"captivity","large","acceptable"
"64","Ateles_paniscus","Primates","Atelidae","Ateles","paniscus",16790,7887.5,103.712,605.48,2104.57,1665.762,1825,228.18,1,0.5,1071.356,461.67,795.901,5475,3.301,0,2,10,10,80,1,3,0,0,1,0,1,46,"captivity","medium","acceptable"
"67","Atilax_paludinosus","Carnivora","Herpestidae","Atilax","paludinosus",7592,3300,29.508,559.505,234.83,234.83,311.465,76,2,2,182.375,100,36,2228.518,2.044,0,1,40,60,0,2,2,1,0,1,0,5,20.8,"captivity","small","acceptable"
"83","Bassariscus_astutus","Carnivora","Procyonidae","Bassariscus","astutus",6935,1010.37,17.002,410,278.08,300,365,54.23,3,1,364.75,28.58,53.84,2093.883,1.066,0,1,20,10,70,2,1,0,0,1,0,4,19,"captivity","medium","acceptable"
"88","Bison_bison","Cetartiodactyla","Bovidae","Bison","bison",12227.5,624577.07,334,2900,921.77,912,1095,274,1,1,545.002,20000,273.16,4288.142,36.549,0,1,0,0,100,1,2,0,0,1,0,4,33.5,"captivity","large","high"
"100","Callimico_goeldii","Primates","Callitrichidae","Callimico","goeldii",8103,556.5,11.5,257,413.84,389.42,491.83,153.495,1,1.2,180.626,48.61,71.765,2190,0.768,0,2,40,10,50,2,3,0,0,1,0,1,22.2,"captivity","large","high"
"102","Callithrix_jacchus","Primates","Callitrichidae","Callithrix","jacchus",8318.958,255.2,7.704,300,455.99,477,555.1,144,2.24,2,164.287,27.12,62,2156.523,0.5,0,2,20,10,70,2,3,0,0,1,0,2,22.8,"captivity","large","high"
"103","Callithrix_kuhlii","Primates","Callitrichidae","Callithrix","kuhlii",8318.958,307,7.97,300,429.5,477,621,144,2,2,164.287,27.12,62,2190,0.554,0,2,20,10,70,2,3,0,0,1,0,2,20,"captivity","medium","acceptable"
"113","Caluromys_philander","Didelphimorphia","Didelphidae","Caluromys","philander",3248.5,298.235,3.017,232.135,314.52,309.26,334.58,23.995,4.34,2,166.136,0.2,109.825,1043.776,0.545,0,2,20,10,70,2,2,0,0,1,0,1,8.9,"captivity","tiny","acceptable"
"114","Canis_adustus","Carnivora","Canidae","Canis","adustus",6862,10321.245,53.938,818.765,249.88,296.18,314.38,63.5,4.16,1.55,364.75,207.5,61.3,1549.638,3.827,0,1,30,50,20,2,1,0,0,1,0,4,13.7,"captivity","small","acceptable"
"115","Canis_aureus","Carnivora","Canidae","Canis","aureus",6862,11000,75.31,943.765,371.23,334,433.35,62.394,3.95,1.05,364.75,207.5,69.747,2136.101,3.963,0,1,10,80,10,2,2,0,0,1,0,5,18.8,"captivity","medium","acceptable"
"116","Canis_latrans","Carnivora","Canidae","Canis","latrans",7969.167,11050,91.921,906.195,372.9,313.186,365,62.394,5.605,1,364.75,249.75,54.919,2569.032,21.094,0,1,11,68,21,3,2,0,0,1,0,5,21.8,"captivity","medium","acceptable"
"117","Canis_lupus","Carnivora","Canidae","Canis","lupus",10767.5,29190.755,135.595,1270,679.37,669.905,547.5,62.197,4.98,0.82,364.75,434.3,47,2883.257,33.953,0,1,0,100,0,3,2,0,0,1,0,7,20.6,"captivity","large","high"
"118","Canis_mesomelas","Carnivora","Canidae","Canis","mesomelas",6095.5,8247.3,58.138,726.135,241.4,309,302.65,62.5,3.95,1,273.688,159,60,1827.572,3.383,0,1,10,60,30,2,2,0,0,1,0,7,16.7,"captivity","medium","acceptable"
"126","Capreolus_capreolus","Cetartiodactyla","Cervidae","Capreolus","capreolus",6387.5,21666.685,93.685,1510,400.97,413,730,153,1.785,1.05,364.75,1142,89,2335.392,5.754,0,1,0,0,100,1,2,0,0,1,0,4,17.5,"captivity","medium","acceptable"
"130","Caracal_caracal","Carnivora","Felidae","Caracal","caracal",7409.5,14000,57.519,827.14,437.27,456,456.25,73.959,3,1.1,364.75,165,122,2239.823,23.687,0,1,0,100,0,3,2,0,0,1,0,5,20.3,"captivity","medium","acceptable"
"133","Castor_canadensis","Rodentia","Castoridae","Castor","canadensis",8541,19928.335,45.23,777.37,663.02,648.209,782.815,114.439,3.58,1,364.75,430,56.43,2657.6,5.496,0,1,0,0,100,1,2,1,0,1,0,2,23.4,"captivity","small","acceptable"
"137","Cebuella_pygmaea","Primates","Callitrichidae","Cebuella","pygmaea",6789,116.83,4.581,153.3,708.5,684,840.41,133.72,1.98,1.56,176.629,16,91,2380.264,0.325,0,2,20,20,60,2,3,0,0,1,0,1,18.6,"captivity","large","high"
"141","Tarsius_bancanus","Primates","Tarsiidae","Cephalopachus","bancanus",5949.5,118.445,3.348,145,658.68,920,919.8,178,1,1.49,254.97,25.01,78.55,2190,2.285,0,2,100,0,0,3,2,0,0,1,0,1,16.3,"captivity","small","acceptable"
"150","Ceratotherium_simum","Perissodactyla","Rhinocerotidae","Ceratotherium","simum",18250,2230000,643,3393.405,2741.23,2026.125,2463.75,515,1,0.42,987.449,51166.67,365,6865.346,73.599,0,1,0,0,100,1,2,0,0,1,0,3,45,"captivity","large","high"
"156","Cercopithecus_cephus","Primates","Cercopithecidae","Cercopithecus","cephus",13140,3399.94,66.75,520,1521.9,1521.9,1825,172,1,0.4,820.438,339,363.965,4418.325,2.078,0,2,20,10,70,2,3,0,0,1,0,1,36,"captivity","small","acceptable"
"162","Cercopithecus_neglectus","Primates","Cercopithecidae","Cercopithecus","neglectus",11242,5701,67.542,510,2076.39,1611,1704.55,176.004,1,1,474.175,260,395.334,4232.248,2.761,0,2,20,10,70,2,3,0,0,1,0,2,30.8,"captivity","medium","acceptable"
"167","Cerdocyon_thous","Carnivora","Canidae","Cerdocyon","thous",4635.5,5741.66,40,674.03,279.15,276.055,335.24,56.307,4,1.9,242.999,140,90,1530.168,2.772,0,1,50,50,0,2,1,0,0,1,0,6,12.7,"captivity","small","acceptable"
"176","Cheirogaleus_medius","Primates","Cheirogaleidae","Cheirogaleus","medius",8471.042,294.19,3.295,234.75,413.84,415.156,472.67,63.766,2.195,1,364.75,17.185,61.218,2584.908,0.541,1,2,20,0,80,2,1,0,0,1,0,1,29,"captivity","medium","acceptable"
"183","Choloepus_didactylus","Pilosa","Megalonychidae","Choloepus","didactylus",13432,6250,28.2,774.48,1262.74,1270.87,1537.055,274.315,1,1,705.222,356,114.045,4669.367,2.904,0,2,0,0,100,1,1,0,0,1,0,1,36.8,"captivity","medium","acceptable"
"184","Choloepus_hoffmanni","Pilosa","Megalonychidae","Choloepus","hoffmanni",13505,4250,23.436,700,1473.2,823.616,1777.47,344.885,1,0.745,455.813,393.625,21.001,5095.598,2.349,0,2,0,0,100,1,1,0,0,1,0,1,41,"captivity","medium","acceptable"
"186","Civettictis_civetta","Carnivora","Viverridae","Civettictis","civetta",10220,13666.67,38.953,840.07,286.24,365,395.41,68.4,2.31,2.2,216.422,380.5,120,3244.541,4.466,0,1,10,50,40,2,1,0,0,1,0,4,28,"captivity","small","acceptable"
"187","Coendou_prehensilis","Rodentia","Erethizontidae","Coendou","prehensilis",9709,3900,17.332,533.8,631.2,578.284,833.07,203,1,1.11,393.64,408,95,3031.972,2.241,0,2,0,0,100,1,1,0,0,1,0,1,26.6,"captivity","medium","acceptable"
"189","Colobus_guereza","Primates","Cercopithecidae","Colobus","guereza",12775,9058.41,76.619,627.34,1929.19,1635.92,1916.25,180,1,0.775,441.902,493.445,376.798,4509.575,3.562,0,2,0,0,100,2,3,0,0,1,0,2,35,"captivity","large","high"
"196","Connochaetes_taurinus","Cetartiodactyla","Bovidae","Connochaetes","taurinus",9015.5,180500,400.4,2207.495,841.82,515.947,730,253,1,1,364.75,18084.68,256.32,2942.265,18.466,0,1,0,0,100,1,2,0,0,1,0,2,24.3,"captivity","large","high"
"205","Crocidura_russula","Eulipotyphla","Soricidae","Crocidura","russula",1460,10.6,0.19,82.145,66.88,75,95.2,29,4.04,3.5,28.231,0.88,23.82,448.652,0.7,1,1,50,50,0,3,1,0,0,1,0,2,4,"captivity","tiny","acceptable"
"207","Crocuta_crocuta","Carnivora","Hyaenidae","Crocuta","crocuta",15001.5,63000,152.7,1379.055,789.54,1049.694,900.705,110,2,1,444.715,1390,321.709,5054.411,49.498,0,1,0,100,0,3,2,0,0,1,0,2,41.1,"captivity","medium","acceptable"
"208","Crossarchus_obscurus","Carnivora","Herpestidae","Crossarchus","obscurus",4854.5,790,10.132,394.49,278.42,274,342.42,68.481,4,2.5,121.577,9.78,23,1384.607,0.931,0,1,60,20,20,2,2,0,0,1,0,2,13.3,"captivity","small","acceptable"
"209","Cryptomys_hottentotus","Rodentia","Bathyergidae","Cryptomys","hottentotus",4015,78.425,1.17,215,472.6,450,555.595,82.196,2.86,1.5,131.91,8.63,45.654,1606.96,0.261,0,1,0,0,100,1,2,0,0,1,0,3,11,"captivity","small","questionable"
"213","Cuniculus_paca","Rodentia","Cuniculidae","Cuniculus","paca",6132,9000,29.87,721.03,335.48,335.48,451.6,116,1.01,1.5,190.869,680,78,2097.463,3.549,0,1,0,0,100,1,1,0,0,1,0,1,16.3,"captivity","small","acceptable"
"215","Cuon_alpinus","Carnivora","Canidae","Cuon","alpinus",5876.5,15750,98.037,1058.87,374.18,365,435.43,61.5,4.3,1.05,364.75,275,57.33,2041.809,25.095,0,1,0,100,0,3,2,0,0,1,0,3,16.1,"captivity","medium","acceptable"
"217","Cynomys_ludovicianus","Rodentia","Sciuridae","Cynomys","ludovicianus",6570,1125,5.864,330,696.9,798.641,728.63,35.415,4.43,1,820.688,15.75,47.22,1567.768,1.131,1,1,0,0,100,1,3,0,0,1,0,3,15,"captivity","large","acceptable"
"221","Dama_dama","Cetartiodactyla","Cervidae","Dama","dama",9125,63612.305,195.657,1750,543.28,515.14,1095,233,1.07,1,364.75,4511.17,182.92,3286.095,10.405,0,1,0,0,100,1,2,0,0,1,0,3,27,"captivity","large","acceptable"
"230","Dasyprocta_punctata","Rodentia","Dasyproctidae","Dasyprocta","punctata",5037,2229.56,18.34,620,487,487,596.825,109.825,1.64,1.87,126.913,227,140,1683.361,1.648,0,1,10,0,90,1,2,0,0,1,0,3,13.8,"captivity","medium","acceptable"
"234","Dasyuroides_byrnei","Dasyuromorphia","Dasyuridae","Dasyuroides","byrnei",2920,105,1.554,170.245,299.95,273.96,332.695,32.745,6,2,170.633,0.024,110,1049.081,2.154,1,1,30,70,0,3,1,0,0,1,0,2,8,"captivity","small","acceptable"
"235","Dasyurus_geoffroii","Dasyuromorphia","Dasyuridae","Dasyurus","geoffroii",2278.208,1300,5.17,499.45,417.36,365.28,434.19,16.83,5.735,1,364.75,0.01,156.06,910.796,7.392,0,1,60,40,0,3,1,0,0,1,0,2,6.2,"captivity","small","acceptable"
"238","Dasyurus_viverrinus","Dasyuromorphia","Dasyuridae","Dasyurus","viverrinus",2488.083,982,5.33,391.69,372.1,365.28,392.35,20.5,6,1,364.75,0.015,153.3,1010.093,1.049,0,1,70,30,0,2,2,0,0,1,0,4,6.8,"captivity","small","acceptable"
"239","Daubentonia_madagascariensis","Primates","Daubentoniidae","Daubentonia","madagascariensis",8869.5,2610.33,45.15,420,834.72,882,1277.5,167,1,1,835.633,121.79,197.7,2920,1.797,0,2,40,0,60,2,1,0,0,1,0,2,32.3,"captivity","small","acceptable"
"253","Diceros_bicornis","Perissodactyla","Rhinocerotidae","Diceros","bicornis",17973.208,995940.54,790.5,3299.995,2199.16,1826,2053.12,474,1,0.4,1053.463,34999.99,606.285,6205,47.243,0,1,0,0,100,1,2,0,0,1,0,3,57,"wild","medium","acceptable"
"256","Didelphis_marsupialis","Didelphimorphia","Didelphidae","Didelphis","marsupialis",2555,1149.875,6.335,396.35,200.88,178,182.5,14,6.2,2,154.894,0.18,100,494.757,1.145,0,2,20,60,20,2,1,0,0,1,0,2,4.2,"captivity","small","acceptable"
"257","Didelphis_virginiana","Didelphimorphia","Didelphidae","Didelphis","virginiana",2555,1414.5,7.324,402.7,225.55,184,186,12.345,6.645,2,129.346,0.15,100,745.99,1.283,0,2,20,60,20,2,1,0,0,1,0,3,6.6,"captivity","medium","acceptable"
"264","Dipodomys_spectabilis","Rodentia","Heteromyidae","Dipodomys","spectabilis",4635.5,124.61,2.109,170.57,310.33,310.33,333.58,23.5,2.65,2,41.971,7.75,24,1081.249,0.337,0,1,20,0,80,2,1,0,0,1,0,1,12.7,"captivity","tiny","acceptable"
"266","Dolichotis_patagonum","Rodentia","Caviidae","Dolichotis","patagonum",5256,12500,30.5,706.92,216.03,158,243.33,91,1.875,3.5,99.737,561.94,70,1675.834,4.252,0,1,0,0,100,1,3,0,0,1,0,3,14.4,"captivity","large","high"
"278","Elephantulus_intufi","Macroscelidea","Macroscelididae","Elephantulus","intufi",3394.5,48.9,1.14,148.805,251.19,334.796,302.69,51.741,1.6,2.59,66.954,10,38,1202.722,0.202,0,1,100,0,0,2,3,0,0,1,0,3,9.3,"captivity","small","acceptable"
"281","Elephas_maximus","Proboscidea","Elephantidae","Elephas","maximus",29200,3220000,4950.714,4159.6,4014.43,3569.034,4745,642.84,1,0.23,1162.829,100038.9,548,8030,90.08,0,1,0,0,100,1,2,0,0,1,0,3,79.6,"captivity","large","acceptable"
"294","Equus_quagga","Perissodactyla","Equidae","Equus","quagga",14600,290000,578.4,2542.5,709.82,903.281,1277.5,366.485,1,0.61,599.215,32068.635,380.608,3659.125,23.968,0,1,0,0,100,1,2,0,0,1,0,3,38,"captivity","large","high"
"295","Equus_zebra","Perissodactyla","Equidae","Equus","zebra",12118,296000,548,2475,963.17,1009,1633.37,363.49,1,0.6,661.522,30000,304,4024.699,24.239,0,1,0,0,100,1,2,0,0,1,0,3,33.2,"captivity","medium","acceptable"
"303","Eudorcas_rufifrons","Cetartiodactyla","Bovidae","Eudorcas","rufifrons",6296.25,26000,97.333,1496.25,365,365,410,173.684,1,1.5,189.87,2600,102,1825,6.361,0,1,0,0,100,1,2,0,0,1,0,3,14.5,"captivity","medium","acceptable"
"304","Eudorcas_thomsonii","Cetartiodactyla","Bovidae","Eudorcas","thomsonii",7300,23197.67,89.757,932.5,418.38,365,552.51,170.746,1,1.5,193.767,2576.875,101.98,2190,5.974,0,1,0,0,100,1,2,0,0,1,0,2,20,"captivity","medium","acceptable"
"306","Eulemur_fulvus","Primates","Lemuridae","Eulemur","fulvus",13505,2419,23.8,484.81,791.75,647.775,970.9,119.415,1.1,2,541.879,80.85,153,2920,1.723,0,2,0,0,100,2,3,0,0,1,0,1,35.5,"captivity","medium","acceptable"
"307","Eulemur_macaco","Primates","Lemuridae","Eulemur","macaco",14235,2485.215,23.56,423.555,660.75,604.375,868.7,127.245,1.04,1,364.75,74.67,152,4120.412,1.749,0,2,0,0,100,1,3,0,0,1,0,1,37.5,"captivity","medium","acceptable"
"308","Eulemur_mongoz","Primates","Lemuridae","Eulemur","mongoz",13213,1915.565,24.033,402.425,1060.7,796.255,916.15,128.5,1.11,1,364.75,55.965,154,4154.101,1.516,0,2,0,0,100,1,2,0,0,1,0,1,36.2,"captivity","medium","acceptable"
"312","Felis_chaus","Carnivora","Felidae","Felis","chaus",7300,10000,40.663,727.08,383.18,383.18,444.62,62.394,3,2,120.922,131,91.308,1903.782,20.087,0,1,0,100,0,3,2,0,0,1,0,6,20,"captivity","medium","acceptable"
"314","Felis_nigripes","Carnivora","Felidae","Felis","nigripes",5694,2125,20.813,450.025,284.58,445,351.33,66.959,1.91,4,227.964,72,67.23,1685.379,9.404,0,1,0,100,0,3,2,0,0,1,0,3,15.6,"captivity","medium","acceptable"
"315","Felis_silvestris","Carnivora","Felidae","Felis","silvestris",10220,5036.54,37.931,624.255,350.76,307.832,365,64.719,3.69,2.02,131.035,100.935,81.505,2905.4,14.354,0,1,10,90,0,3,2,0,0,1,0,5,19,"captivity","medium","acceptable"
"316","Fossa_fossana","Carnivora","Eupleridae","Fossa","fossana",7811,1853.98,20.399,453.44,533.97,728,619.16,88.264,1,1.1,364.75,67.5,69.394,2785.959,8.796,0,2,70,20,10,3,1,0,0,1,0,1,21.4,"captivity","small","acceptable"
"322","Galea_musteloides","Rodentia","Caviidae","Galea","musteloides",1277.5,337.875,2.72,250,55.92,66,109.87,54,2.63,7,53.014,37.99,38.654,389.801,0.584,0,1,0,0,100,1,3,0,0,1,0,2,3.5,"captivity","small","acceptable"
"323","Galea_spixii","Rodentia","Caviidae","Galea","spixii",1679,360.61,6.5,250,91.47,80.735,143.3,53,2.4,6.625,52.964,36.81,42.045,618.714,0.605,0,1,0,0,100,1,3,0,0,1,0,2,4.6,"captivity","small","acceptable"
"326","Galidia_elegans","Carnivora","Eupleridae","Galidia","elegans",9490,800,11.085,365.535,742.46,737.16,816.515,76.11,1,1,364.75,50,59.27,2471.524,0.938,0,2,10,80,10,2,3,0,0,1,0,1,26,"captivity","small","acceptable"
"328","Gazella_dorcas","Cetartiodactyla","Bovidae","Gazella","dorcas",8650.5,47386.47,72.267,1600,620.76,498.97,836.45,156,1.22,1,351.259,2168.055,117.939,2190,8.849,0,1,0,0,100,1,2,0,0,1,0,1,23.7,"captivity","large","high"
"329","Gazella_gazella","Cetartiodactyla","Bovidae","Gazella","gazella",7592,35318.235,76.43,1600,485.11,476,547.5,169.438,1.475,1.245,330.773,2250,121.744,2190,7.528,0,1,0,0,100,1,2,0,0,1,0,3,18.3,"captivity","large","high"
"333","Genetta_genetta","Carnivora","Viverridae","Genetta","genetta",12410,1866.67,14.79,566.22,1262.74,1479,1338.83,76.09,2.29,2,182.125,77.75,71.8,4194.9,1.494,0,1,10,90,0,2,1,0,0,1,0,3,22.7,"captivity","medium","acceptable"
"335","Genetta_tigrina","Carnivora","Viverridae","Genetta","tigrina",7774.5,1760,15.854,561.685,841.82,1151.41,912.56,70.612,2.5,2,303.952,71.5,59.046,2498.982,1.447,0,1,10,90,0,2,1,0,0,1,0,3,21.3,"captivity","small","acceptable"
"345","Giraffa_camelopardalis","Cetartiodactyla","Giraffidae","Giraffa","camelopardalis",14417.5,8e+05,638.6,4450.515,1633.59,1380.269,1825,456.125,1.12,0.54,613.745,58500,182.455,5251.012,41.88,0,1,0,0,100,1,2,0,0,1,0,3,39.5,"captivity","large","high"
"347","Glaucomys_volans","Rodentia","Sciuridae","Glaucomys","volans",6935,65.4,1.904,171.49,335.63,329.926,375.375,40,3.13,1.665,125.289,3.55,54.632,1930.243,0.237,0,2,0,0,100,2,1,0,0,1,0,1,19,"captivity","medium","acceptable"
"353","Gorilla_gorilla","Primates","Hominidae","Gorilla","gorilla",20221,126215.495,449.733,1672.22,3353.12,2829,3650,257,1.005,0.3,1412.932,2072,834,8030,15.168,0,1,0,0,100,1,3,0,0,1,0,1,60.1,"captivity","large","acceptable"
"359","Gulo_gulo","Carnivora","Mustelidae","Gulo","gulo",7117.5,12792.49,81.077,810,756.6,756.6,854.965,51.438,2.84,0.5,729.625,90.53,83.64,2622.302,4.307,0,1,0,100,0,2,1,0,0,1,0,4,19.5,"captivity","medium","acceptable"
"362","Hapalemur_griseus","Primates","Lemuridae","Hapalemur","griseus",8504.5,1202.71,13.903,396.5,1003.17,880.513,996.45,141.24,1.2,1.1,332.562,45.2,147,3285,1.173,0,2,0,0,100,1,3,0,0,1,0,1,23.3,"captivity","small","acceptable"
"369","Hemiechinus_auritus","Eulipotyphla","Erinaceidae","Hemiechinus","auritus",2774,369.5,1.9,245,213.026,213.026,251.09,38.349,4,1,364.75,10,36,940.394,0.613,1,1,30,50,20,2,1,0,0,1,0,3,7.6,"captivity","small","acceptable"
"372","Herpestes_javanicus","Carnivora","Herpestidae","Herpestes","javanicus",6059,775,7.501,465.01,166.84,301,215.58,49,2.21,2,151.436,25.92,50,1472.701,5.737,0,1,30,60,10,3,2,0,0,1,0,8,16.6,"captivity","small","acceptable"
"377","Hippopotamus_amphibius","Cetartiodactyla","Hippopotamidae","Hippopotamus","amphibius",22338,2640000,630.667,5050,2030,1654.5,1460,234.685,1,0.61,629.339,40000,334.37,3650,80.758,0,1,0,0,100,1,1,1,1,1,0,5,61.2,"captivity","large","acceptable"
"379","Hippotragus_equinus","Cetartiodactyla","Bovidae","Hippotragus","equinus",9453.5,233500,386.364,1910,841.82,730,1049.37,283.832,1,1.18,323.778,15167,182.808,3070.224,21.275,0,1,0,0,100,1,3,0,0,1,0,3,25.9,"captivity","medium","acceptable"
"380","Hippotragus_niger","Cetartiodactyla","Bovidae","Hippotragus","niger",8121.25,225000,282,2352.5,972.17,768,983.37,271,1,1,364.75,16375,213,3053.355,20.845,0,1,0,0,100,1,3,0,0,1,0,2,22.2,"captivity","large","high"
"383","Hyaena_hyaena","Carnivora","Hyaenidae","Hyaena","hyaena",9125,35070.51,101.577,1147.35,928.08,855.556,1018.33,90.5,2.5,1.36,236.963,669.5,279,3351.043,7.499,0,1,10,80,10,2,2,0,0,1,0,2,25,"captivity","medium","acceptable"
"385","Hydrochoerus_hydrochaeris","Rodentia","Caviidae","Hydrochoerus","hydrochaeris",5511.5,51572.455,67.333,1254.195,566.36,457.792,716.725,150.73,3.485,1.25,244.832,1500,103,2030.354,9.271,0,2,0,0,100,1,3,1,0,1,0,3,15.1,"captivity","large","high"
"386","Hydromys_chrysogaster","Rodentia","Muridae","Hydromys","chrysogaster",2664.5,738.085,4.33,312.76,124.43,163,158,36,3.8,2.12,60.374,24.39,30,824.903,5.601,0,1,50,50,0,3,2,0,0,1,0,4,7.3,"captivity","medium","acceptable"
"393","Hylobates_pileatus","Primates","Hylobatidae","Hylobates","pileatus",20805,5656.805,90.5,545,2454.24,2555,2771.243,216.243,1,0.5,1038.624,316.455,600.502,5475,2.749,0,2,10,0,90,2,3,0,0,1,0,1,38,"captivity","medium","acceptable"
"396","Hystrix_africaeaustralis","Rodentia","Hystricidae","Hystrix","africaeaustralis",8431.5,14936.02,36.996,930,438.45,438.45,532.195,93.49,2.1,1.67,376.742,331.15,77,2713.298,4.69,0,1,0,0,100,1,1,0,0,1,0,4,23.1,"captivity","medium","acceptable"
"402","Ictonyx_striatus","Carnivora","Mustelidae","Ictonyx","striatus",5252.958,811.02,9.854,359.5,447.7,304,304.16,36.523,2.17,1,364.75,13.69,79,1650.809,5.866,0,1,40,60,0,3,1,0,0,1,0,4,14,"captivity","tiny","acceptable"
"405","Isoodon_macrourus","Peramelemorphia","Peramelidae","Isoodon","macrourus",2482,1551,4.453,422.09,184.92,153.46,148,12.255,3.565,2.66,59.209,0.179,61.495,623.745,1.349,0,1,100,0,0,2,1,0,0,1,0,5,6.8,"captivity","small","acceptable"
"406","Isoodon_obesulus","Peramelemorphia","Peramelidae","Isoodon","obesulus",2372.5,717,4.03,350,171.1,190.55,186.1,15,2.53,2.2,127.288,0.345,60.995,683.312,5.522,0,1,100,0,0,3,1,0,0,1,0,4,6.5,"captivity","small","acceptable"
"410","Kobus_ellipsiprymnus","Cetartiodactyla","Bovidae","Kobus","ellipsiprymnus",11080.792,175333,314,2350,1426.44,771.124,1693.44,270,1.05,1.1,364.75,9000,213,3821.39,18.173,0,1,0,0,100,1,2,0,0,1,0,4,30,"captivity","large","high"
"421","Lagothrix_lagotricha","Primates","Atelidae","Lagothrix","lagothricha",11750.719,6263.69,96.554,611.195,1729.33,2480.23,2766.7,223.99,1,0.5,638.313,300,352,5475,2.908,0,2,7.5,0,92.5,2,3,0,0,1,0,2,32,"captivity","medium","acceptable"
"423","Lama_guanicoe","Cetartiodactyla","Camelidae","Lama","guanicoe",22435.333,112500,255.857,1747.55,676.66,676.66,700,337.55,1,0.685,547.375,9999.995,213.026,4064.145,14.238,0,1,0,0,100,1,3,0,0,1,0,2,33.7,"captivity","large","high"
"427","Lasiorhinus_latifrons","Diprotodontia","Vombatidae","Lasiorhinus","latifrons",10913.5,26163.8,55.5,927.5,631.37,589.185,652.24,20.87,1,1.1,364.75,0.495,319.035,3354.315,6.383,0,1,0,0,100,1,1,0,0,1,0,2,29.9,"captivity","medium","acceptable"
"432","Lemur_catta","Primates","Lemuridae","Lemur","catta",13614.5,2555,21.742,425,831.62,674.145,866.87,134.838,1.105,0.964,416.42,70.6,152,2920,1.776,0,2,0,0,100,1,3,0,0,1,0,2,37.3,"captivity","large","high"
"433","Leontocebus_fuscicollis","Primates","Callitrichidae","Leontocebus","fuscicollis",9088.5,393.99,8.275,310,406.61,546,850.45,148,1.8,1,247.58,39.6,91,3218.314,0.635,0,2,34.5,7,58.5,2,3,0,0,1,0,1,24.9,"captivity","medium","acceptable"
"434","Leontocebus_nigricollis","Primates","Callitrichidae","Leontocebus","nigricollis",7373,450,8.9,310,850.45,850.45,850.45,140,1.8,2.9,250.828,43.58,82.177,2477.365,0.683,0,2,40,0,60,2,3,0,0,1,0,1,20.2,"captivity","tiny","acceptable"
"435","Leontopithecus_chrysomelas","Primates","Callitrichidae","Leontopithecus","chrysomelas",11534,582.66,11.81,298.11,692.051,654.102,786.499,132.397,1.95,1.75,185.623,55.07,130.875,2555,0.788,0,2,50,0,50,2,3,0,0,1,0,1,21.3,"captivity","large","acceptable"
"437","Leontopithecus_rosalia","Primates","Callitrichidae","Leontopithecus","rosalia",11534,623.51,13.594,298.11,890.34,654.102,868.7,132.397,1.95,1.75,185.623,55.07,130.875,3601.747,0.817,0,2,50,0,50,2,3,0,0,1,0,1,31.6,"captivity","large","high"
"440","Leopardus_pardalis","Carnivora","Felidae","Leopardus","pardalis",10293,10500,65.903,872.165,678.64,663.505,758.135,80.351,1.66,1,406.172,254.4,106.18,3011.876,20.573,0,1,3,81,16,3,1,0,0,1,0,3,28.2,"captivity","medium","acceptable"
"444","Leptailurus_serval","Carnivora","Felidae","Leptailurus","serval",8395,11999.96,59.027,916.255,887.95,821,851.66,71.829,2.35,2.5,179.127,254,127.831,3018.059,21.964,0,1,0,100,0,3,1,1,0,1,0,4,22.4,"captivity","large","high"
"452","Lontra_canadensis","Carnivora","Mustelidae","Lontra","canadensis",9855,8087.42,55.312,721.55,729.99,730,730,61.176,2.67,0.94,364.75,140,122,3235.117,18.103,0,1,50,50,0,3,2,1,1,1,0,5,27,"captivity","medium","acceptable"
"454","Lophocebus_albigena","Primates","Cercopithecidae","Lophocebus","albigena",13140,7000,96.084,704.775,2525.48,1752.505,1474.6,181.703,1,0.4,676.612,462.5,233,4682.913,3.091,0,2,0,0,100,1,3,0,0,1,0,1,36,"captivity","small","acceptable"
"455","Loris_tardigradus","Primates","Lorisidae","Loris","tardigradus",7044.5,243.71,6,244.245,350.76,380,547.5,167.612,1.37,1.5,235.089,11.67,158.745,2278.148,3.254,0,2,70,10,20,3,1,0,0,1,0,1,21.6,"captivity","small","acceptable"
"457","Lutra_lutra","Carnivora","Mustelidae","Lutra","lutra",8030,7809.345,45.067,753.97,700.76,548,763.395,62.635,2.035,1,364.75,110.5,57.828,2772.962,17.795,0,1,30,70,0,3,2,1,1,1,0,5,18.2,"captivity","medium","acceptable"
"459","Pseudalopex_culpaeus","Carnivora","Canidae","Lycalopex","culpaeus",4781.5,13000,53.271,960.17,377.37,365.232,437.23,60.568,4,1,364.75,167.99,60.872,1673.57,4.345,0,1,10,80,10,2,1,0,0,1,0,5,13.1,"captivity","small","acceptable"
"464","Lycaon_pictus","Carnivora","Canidae","Lycaon","pictus",6205,24249.995,133.871,1021.93,817.15,703.755,927.7,72,7.495,1,358.689,318,88.92,2034.717,31.004,0,1,0,100,0,3,2,0,0,1,0,4,17,"captivity","large","high"
"465","Lynx_canadensis","Carnivora","Felidae","Lynx","canadensis",9782,9682.82,71.233,806.15,672.9,535.674,735.65,63,3.19,1,364.75,204,152,3391.958,19.772,0,1,0,100,0,3,1,0,0,1,0,2,26.8,"captivity","medium","acceptable"
"466","Lynx_lynx","Carnivora","Felidae","Lynx","lynx",9782,21150,72.634,1075.6,739.52,639,806.015,66.495,2.25,1,364.75,258,87,3338.239,28.994,0,1,0,100,0,3,1,0,0,1,0,5,26,"captivity","large","acceptable"
"467","Lynx_rufus","Carnivora","Felidae","Lynx","rufus",11801.667,9400,60.292,950.6,668.22,639,547.5,66,2.53,1,364.75,269.5,81.85,3810.032,19.487,0,1,0,100,0,3,1,0,0,1,0,4,32.3,"captivity","medium","acceptable"
"471","Macaca_fuscata","Primates","Cercopithecidae","Macaca","fuscata",14052.5,8882.5,96.8,795.355,1460.77,1483,1879.75,174,1.415,0.5,499.988,501.57,366,5118.76,3.524,0,2,10,0,90,2,3,0,0,1,0,1,38.5,"captivity","large","high"
"478","Macaca_silenus","Primates","Cercopithecidae","Macaca","silenus",14663.875,6570,78,655.675,1912.19,1523.489,1795.8,176,1,0.7,506.348,416.11,365,5509.018,2.985,0,2,10,0,90,2,3,0,0,1,0,1,40,"captivity","large","high"
"480","Macaca_sylvanus","Primates","Cercopithecidae","Macaca","sylvanus",10621.5,10875,92.143,656.995,1542.25,1457.509,1746.52,164.42,1.5,1,398.082,450,213,2920,3.939,0,2,10,0,90,1,3,0,0,1,0,2,30,"captivity","large","high"
"484","Macropus_agilis","Diprotodontia","Macropodidae","Macropus","agilis",6168.5,13907.875,33.3,848.005,404.77,384.885,410.62,29.755,1.005,1.8,218.35,0.632,267.87,1821.073,4.509,0,1,0,0,100,1,2,0,0,1,0,2,16.9,"captivity","medium","acceptable"
"485","Macropus_antilopinus","Diprotodontia","Macropodidae","Macropus","antilopinus",8760,29647.9,58.845,1400,909.32,758.15,943.32,34,1,1.295,266.817,0.702,395.49,2584.192,6.838,0,1,0,0,100,1,2,0,0,1,0,3,19.8,"captivity","small","acceptable"
"487","Macropus_eugenii","Diprotodontia","Macropodidae","Macropus","eugenii",5511.5,5037.24,24.553,527,413.84,343.92,319.37,28.945,1.005,1,364.75,0.434,320,1766.87,2.579,0,1,0,0,100,1,2,0,0,1,0,3,15.1,"captivity","medium","acceptable"
"488","Macropus_fuliginosus","Diprotodontia","Macropodidae","Macropus","fuliginosus",8471.042,26907.35,58,1400,708.84,689.42,608.33,30.4,1,1,378.251,0.897,529.335,2718.274,6.482,0,1,0,0,100,1,2,0,0,1,0,5,23.2,"captivity","large","high"
"489","Macropus_giganteus","Diprotodontia","Macropodidae","Macropus","giganteus",9125,41454.945,69.8,1138.08,704.86,671.93,812.6,36.28,1,1,352.154,0.869,414.91,3170.271,8.222,0,1,0,0,100,1,2,0,0,1,0,5,25,"captivity","large","high"
"490","Macropus_parma","Diprotodontia","Macropodidae","Macropus","parma",5803.5,4203.31,17.4,527,600.21,512.105,380.2,34.33,0.95,1.3,212.854,0.503,297.665,1640.699,2.335,0,1,0,0,100,1,2,0,0,1,0,1,15.9,"captivity","large","high"
"492","Macropus_rufogriseus","Diprotodontia","Macropodidae","Macropus","rufogriseus",6935,16525,37.41,1050,485.19,440.095,501.87,29.5,1.005,1,276.246,0.564,306.61,2166.363,4.958,0,1,0,0,100,1,2,0,0,1,0,4,15.2,"captivity","large","acceptable"
"493","Macropus_rufus","Diprotodontia","Macropodidae","Macropus","rufus",10950,35729.195,64.646,1600,695.03,517,547.5,33,1,1.36,239.586,0.784,360,3299.6,7.577,0,1,0,0,100,1,2,0,0,1,0,5,25,"captivity","large","high"
"499","Madoqua_kirkii","Cetartiodactyla","Bovidae","Madoqua","kirkii",6314.5,4833.4,35.335,687.135,233.47,233.47,501.87,172,1,2,213.104,625.82,71,2131.079,2.521,0,1,0,0,100,1,2,0,0,1,0,1,17.3,"captivity","medium","acceptable"
"500","Mandrillus_leucophaeus","Primates","Cercopithecidae","Mandrillus","leucophaeus",14298.875,16251.65,126.3,732,1745.96,1730.287,1825,179.22,1,0.65,480.386,772,486.976,3650,4.912,0,1,10,10,80,2,3,0,0,1,0,2,39,"captivity","medium","acceptable"
"501","Mandrillus_sphinx","Primates","Cercopithecidae","Mandrillus","sphinx",16910.45,23000,172.897,761.47,2122.11,1326.66,1460,173.99,1.045,0.83,526.459,613,354,3650,5.946,0,2,10,10,80,2,3,0,0,1,0,1,40,"captivity","large","high"
"503","Marmosa_robinsoni","Didelphimorphia","Didelphidae","Marmosa","robinsoni",1825,98.5,1.296,175.06,253.82,266.41,267.735,13.915,9.75,1.5,133.908,0.09,66.315,568.638,0.296,1,2,40,30,30,2,1,0,0,1,0,2,5,"captivity","small","acceptable"
"506","Marmota_flaviventris","Rodentia","Sciuridae","Marmota","flaviventris",7738,3709.73,12.657,505.9,827.69,816.598,730,30.195,4.44,0.97,456.812,33.8,26.379,2063.71,2.18,1,1,0,0,100,1,3,0,0,1,0,2,21.2,"captivity","tiny","acceptable"
"510","Martes_americana","Carnivora","Mustelidae","Martes","americana",6935,892,16.369,415.68,456.25,456.25,365,28,2.73,1,364.75,31.3,45.73,2227.96,0.995,0,1,10,70,20,2,1,0,0,1,0,1,17.8,"captivity","tiny","acceptable"
"511","Martes_flavigula","Carnivora","Mustelidae","Martes","flavigula",6040.75,2500,35.348,599.18,1262.74,1262.74,1412.39,149.65,2.5,1.56,182.375,57.5,89.49,2642.061,1.755,0,1,10,80,10,2,3,0,0,1,0,3,16,"captivity","medium","acceptable"
"512","Martes_foina","Carnivora","Mustelidae","Martes","foina",6643,1700,21.745,499.315,742.46,548,365,30,3.78,1.05,364.75,30,66,2178.563,1.419,0,1,0,70,30,2,2,0,0,1,0,4,18.2,"captivity","small","acceptable"
"513","Martes_martes","Carnivora","Mustelidae","Martes","martes",6643,1299.995,20.846,518.505,508.47,508.47,365,30.63,3.8,1,364.75,30,56.915,2100.94,1.225,0,1,0,60,40,2,1,0,0,1,0,2,18.2,"captivity","small","acceptable"
"514","Martes_pennanti","Carnivora","Mustelidae","Martes","pennanti",5219.5,3175,33.61,689.755,413.84,413.84,730,40.48,2.92,1,364.75,34.78,76.76,1738.868,11.449,0,1,0,100,0,3,2,0,0,1,0,1,14.3,"captivity","small","acceptable"
"519","Meles_meles","Carnivora","Mustelidae","Meles","meles",6789,11884.03,53.942,802.945,420.91,403.277,469.71,49,3.11,1,364.75,84.25,92.29,2161.248,4.136,0,1,20,40,40,2,3,0,0,1,0,5,18.6,"captivity","medium","acceptable"
"522","Melursus_ursinus","Carnivora","Ursidae","Melursus","ursinus",14600,99999.99,312.674,1697.615,1262.74,1178.87,1095,198,1.54,0.63,1094.251,400,76.09,3650,13.345,0,1,70,0,30,2,2,0,0,1,0,3,33.3,"captivity","medium","acceptable"
"523","Mephitis_mephitis","Carnivora","Mephitidae","Mephitis","mephitis",5073.5,2949.995,11.316,429.775,355.18,337.485,418.325,63,5.1,1.21,364.75,33.19,60,1735.559,1.922,0,1,20,30,50,2,1,0,0,1,0,4,13.9,"captivity","medium","acceptable"
"537","Mico_argentatus","Primates","Callitrichidae","Mico","argentatus",6132,357.25,8,300,701.52,502.76,609.55,144,1.87,2.31,216.152,35.45,120,2211.061,0.602,0,2,20,20,60,1,3,0,0,1,0,2,16.5,"captivity","medium","acceptable"
"538","Mico_humeralifer","Primates","Callitrichidae","Mico","humeralifer",8318.958,299.605,8.38,300,417.5,477,448,144,2.24,2,164.287,27.43,99.01,1905.83,0.546,0,2,20,20,60,1,3,0,0,1,0,1,15,"captivity","small","acceptable"
"539","Microcebus_murinus","Primates","Cheirogaleidae","Microcebus","murinus",6643,66.9,1.797,143.61,355.53,299.265,380.2,60.34,2.41,1,218.85,6,39.783,2053.515,0.239,1,2,20,20,60,2,1,0,0,1,0,2,18.2,"captivity","medium","acceptable"
"546","Microtus_ochrogaster","Rodentia","Cricetidae","Microtus","ochrogaster",1943.625,46.7,0.71,124.435,36.19,47,58.44,22.523,3.8,4,25.982,3.02,20.392,615.402,0.197,0,1,0,0,100,2,2,0,0,1,0,3,5.3,"captivity","small","acceptable"
"547","Microtus_pinetorum","Rodentia","Cricetidae","Microtus","pinetorum",1396.125,25.5,0.56,103.025,74.82,97.7,97.315,22.827,2.89,2.7,26.007,2.32,20.696,431.446,0.141,0,1,0,0,100,1,2,0,0,1,0,3,3.8,"captivity","small","acceptable"
"550","Miopithecus_talapoin","Primates","Cercopithecidae","Miopithecus","talapoin",11278.5,1362.5,34.76,402.495,1733.36,1617.065,1598.7,164.38,1,1,730,187.5,165.267,4236.482,1.257,0,2,50,0,50,2,3,0,0,1,0,2,27.7,"captivity","medium","acceptable"
"551","Mirza_coquereli","Primates","Cheirogaleidae","Mirza","coquereli",6351,311.2,5.32,240.92,343.74,343.74,532.9,89,1.71,1,364.75,14.5,136,1825,0.558,0,2,60,10,30,2,1,0,0,1,0,1,17.4,"captivity","small","acceptable"
"558","Mungos_mungo","Carnivora","Herpestidae","Mungos","mungo",6351,1331.5,11.05,406.21,349.33,343.622,365,60.91,2.68,2,364.75,24.2,20.88,1719.88,7.479,0,1,80,20,0,3,2,0,0,1,0,2,17.4,"captivity","large","high"
"561","Mus_minutoides","Rodentia","Muridae","Mus","minutoides",1569.5,7.585,0.27,82,57.35,60,62,20.392,4.18,4,31.079,0.97,21,435.665,0.072,0,1,20,0,80,2,1,0,0,1,0,6,4.3,"captivity","medium","acceptable"
"562","Mus_musculus","Rodentia","Muridae","Mus","musculus",2190,20.5,0.443,95,64.71,53.355,139.5,19.6,6.07,4.57,29.979,1.25,21.914,628.295,0.125,0,2,20,0,80,2,1,0,0,1,0,5,4,"captivity","large","high"
"565","Mustela_erminea","Carnivora","Mustelidae","Mustela","erminea",4562.5,110.33,4.205,270.325,93.09,94.98,147.765,43.262,6.755,1,364.75,2.3,45.35,1078.778,2.207,0,1,10,90,0,3,1,0,0,1,0,6,12.5,"captivity","small","acceptable"
"567","Mustela_frenata","Carnivora","Mustelidae","Mustela","frenata",3212,170.315,4.154,247.655,200.69,162.224,225.44,24.958,6.22,1,364.75,3.1,37,986.11,2.73,0,2,0,100,0,3,2,0,0,1,0,3,8.8,"captivity","tiny","acceptable"
"568","Mustela_lutreola","Carnivora","Mustelidae","Mustela","lutreola",3650,566.44,8.806,395.385,351.71,323,323,43.74,4.5,1.1,364.75,7.6,57.22,730,4.92,0,1,20,80,0,3,2,1,0,1,0,1,8.4,"captivity","medium","acceptable"
"569","Mustela_nigripes","Carnivora","Mustelidae","Mustela","nigripes",4380,907.1,8.806,427.97,371.23,365.232,414.23,43,3.395,1.1,364.75,7.39,59.66,1497.507,6.197,0,1,0,100,0,3,1,0,0,1,0,2,9.4,"captivity","medium","acceptable"
"570","Mustela_nivalis","Carnivora","Mustelidae","Mustela","nivalis",3650,49.75,1.563,260,169.99,120,206.235,36.49,5.085,1.5,236.713,2.6,40.653,1194.194,1.494,0,1,0,100,0,3,1,0,0,1,0,7,9.1,"captivity","small","acceptable"
"571","Mustela_putorius","Carnivora","Mustelidae","Mustela","putorius",5110,809,8.714,409.46,308.5,310.25,350.245,41.49,7.68,1.26,196.116,9.5,54.39,1652.464,5.859,0,1,10,90,0,3,2,0,0,1,0,6,11.1,"captivity","large","acceptable"
"573","Myocastor_coypus","Rodentia","Myocastoridae","Myocastor","coypus",4380,7150,20.045,577.22,187.09,159.789,319.37,131.86,5.34,2.32,130.661,215.35,57.828,1311.715,3.127,0,1,0,0,100,1,1,0,0,1,0,2,19,"captivity","large","acceptable"
"574","Myodes_glareolus","Rodentia","Cricetidae","Myodes","glareolus",1794.583,20.8,0.52,109.19,40.91,47,83.22,20,4.295,3.2,21.36,1.82,20,577.751,0.126,0,2,20,0,80,2,2,0,0,1,0,2,4.9,"captivity","small","acceptable"
"605","Nandinia_binotata","Carnivora","Nandiniidae","Nandinia","binotata",7741.042,2167.2,17.912,539.255,1015,1095,1079.675,64.829,2,2,182.125,55.5,64,2850.514,1.622,0,2,10,10,80,2,1,0,0,1,0,4,21,"captivity","tiny","acceptable"
"609","Nasalis_larvatus","Primates","Cercopithecidae","Nasalis","larvatus",9161.5,13441.575,95.623,704.745,1894.11,1643.544,1642.5,167.156,1.01,0.7,543.378,452,212.63,4015,4.425,0,2,0,0,100,1,3,0,0,1,0,1,25.1,"captivity","small","acceptable"
"610","Nasua_narica","Carnivora","Procyonidae","Nasua","narica",9636,3750,44.17,630,1009.04,712,1086.45,77.916,4.17,1.1,364.75,140,127,2994.435,2.193,0,1,51,12,37,2,3,0,0,1,0,1,26.4,"captivity","medium","acceptable"
"611","Nasua_nasua","Carnivora","Procyonidae","Nasua","nasua",8650.5,4000,32.542,598.815,841.82,785.91,915.85,74.03,3.81,1.1,364.75,142.455,86,2778.436,2.272,0,2,10,20,70,2,3,0,0,1,0,2,23.7,"captivity","large","high"
"613","Neomys_fodiens","Eulipotyphla","Soricidae","Neomys","fodiens",1131.5,15.13,0.31,88.97,320.22,159.789,340.91,21.38,5.51,1.8,64.956,0.78,35.34,576.889,0.834,0,1,40,60,0,3,2,1,0,1,0,3,3.1,"captivity","small","acceptable"
"616","Neotoma_albigula","Rodentia","Cricetidae","Neotoma","albigula",3467.5,190.5,2.618,195.735,94.14,94.14,127.14,36.219,2.14,2,48.966,11.35,33.5,1019.719,0.426,0,1,10,0,90,1,1,0,0,1,0,4,9.5,"captivity","small","acceptable"
"630","Nyctereutes_procyonoides","Carnivora","Canidae","Nyctereutes","procyonoides",6059,4232,29.526,563.69,326.63,326.63,730,61.84,6.3,1,364.75,87.42,48.345,2091.937,2.344,1,1,20,40,40,2,1,0,0,1,0,4,16.6,"captivity","medium","acceptable"
"631","Nycticebus_coucang","Primates","Lorisidae","Nycticebus","coucang",9672.5,953.3,11.004,340,660.82,619.41,932.57,189.545,1.035,1,428.207,49.94,177.069,2555,1.032,0,2,40,40,20,2,1,0,0,1,0,2,25.8,"captivity","medium","acceptable"
"638","Ochotona_princeps","Lagomorpha","Ochotonidae","Ochotona","princeps",2670.583,140.2,2.39,190,374.39,347.579,404.61,30.436,3,2.11,30.184,9,26.45,1045.751,0.36,0,1,0,0,100,1,2,0,0,1,0,1,7,"captivity","small","acceptable"
"641","Odocoileus_hemionus","Cetartiodactyla","Cervidae","Odocoileus","hemionus",8030,57000,160.632,1808.25,527.12,478,547.5,207,1.615,1,364.75,2952.67,74.486,2717.425,9.796,0,1,0,0,100,1,2,0,0,1,0,9,22,"captivity","medium","acceptable"
"642","Odocoileus_virginianus","Cetartiodactyla","Cervidae","Odocoileus","virginianus",8395,65320,153.418,1806.845,365,309,463,201.39,1.71,1,303.872,3000,129,2713.883,10.558,0,1,0,0,100,1,2,0,0,1,0,9,23,"captivity","large","high"
"646","Onychomys_leucogaster","Rodentia","Cricetidae","Onychomys","leucogaster",2044,32.5,0.802,127,107.71,107.71,156.33,31.63,3.84,2.5,31.728,2.6,23,671.999,0.161,0,1,90,0,10,2,1,0,0,1,0,4,5.6,"captivity","tiny","acceptable"
"647","Onychomys_torridus","Rodentia","Cricetidae","Onychomys","torridus",2044,22,0.596,103.46,56.02,81.958,121.66,30.5,3.665,2.55,30.729,2.465,21.91,573.289,1.002,0,1,90,0,10,3,1,0,0,1,0,2,4.6,"captivity","small","acceptable"
"651","Oreotragus_oreotragus","Cetartiodactyla","Bovidae","Oreotragus","oreotragus",9453.5,13000,58.5,987.495,371.23,365.232,576.23,206.66,1,1.05,364.75,1130,136.962,2700.065,4.345,0,1,0,0,100,1,2,0,0,1,0,3,25.9,"captivity","medium","acceptable"
"653","Orycteropus_afer","Tubulidentata","Orycteropodidae","Orycteropus","afer",10877,56175.2,104.6,1417.215,755.15,755.15,1095,222.05,1.03,1,364.75,1800,102.569,3624.815,46.794,0,1,100,0,0,3,2,0,0,1,0,4,29.8,"captivity","medium","acceptable"
"655","Oryx_dammah","Cetartiodactyla","Bovidae","Oryx","dammah",10037.5,177500,241,1615,594.5,639,1001.31,247,1,1.89,221.628,10316.835,60,3247.096,18.296,0,1,0,0,100,1,2,0,0,1,0,3,27.5,"captivity","large","high"
"656","Oryx_gazella","Cetartiodactyla","Bovidae","Oryx","gazella",8723.5,37500,295,1432.5,841.82,612.677,866.87,168,1,1.89,221.628,3850,60,2866.554,7.781,0,1,0,0,100,1,2,0,0,1,0,4,23.8,"captivity","large","high"
"658","Otocyon_megalotis","Carnivora","Canidae","Otocyon","megalotis",6527.417,4150,27.975,598.815,420.91,365.232,488.68,68,4,2,182.125,120.88,62.698,1959.906,2.319,0,1,50,30,20,2,2,0,0,1,0,3,17,"captivity","medium","acceptable"
"662","Ourebia_ourebi","Cetartiodactyla","Bovidae","Ourebia","ourebi",5803.5,17186.09,58.333,1280,372.09,372.09,674.33,210.5,1,1.53,183.624,2235,136.962,2156.85,5.066,0,1,0,0,100,1,2,0,0,1,0,2,15.9,"captivity","tiny","acceptable"
"664","Ovis_ammon","Cetartiodactyla","Bovidae","Ovis","ammon",6132,160000,110.367,1692.5,555.47,403,823,170,1.2,1,364.75,3232.64,135,2920,17.281,0,1,0,0,100,1,2,0,0,1,0,4,16.8,"captivity","small","acceptable"
"667","Ozotoceros_bezoarticus","Cetartiodactyla","Cervidae","Ozotoceros","bezoarticus",7993.5,34620.4,93.033,1312.37,350.76,365,567.45,220.38,1,1,323.319,2100,167.398,2846.685,7.446,0,1,0,0,100,1,2,0,0,1,0,2,21.9,"captivity","tiny","acceptable"
"670","Pan_paniscus","Primates","Hominidae","Pan","paniscus",20075,35119.95,325.323,788.715,5465.72,3287.088,3522.408,235.32,1,0.22,1769.038,1399.765,854.745,9125,7.505,0,2,10,0,90,1,3,0,0,1,0,1,55,"captivity","tiny","acceptable"
"671","Pan_troglodytes","Primates","Hominidae","Pan","troglodytes",27010,44983.5,363.511,868.045,3897.96,3636.98,5073.5,229,1.075,0.2,1331.588,1745.02,1112.131,7300,8.6,0,2,10,0,90,1,3,0,0,1,0,2,68,"captivity","large","acceptable"
"672","Panthera_leo","Carnivora","Felidae","Panthera","leo",10950,149061.965,236.878,2167.58,987.77,1095,1047.55,109,2.825,1,689.028,1300,216,2190,75.485,0,1,0,100,0,3,2,0,0,1,0,4,28,"captivity","large","acceptable"
"673","Panthera_onca","Carnivora","Felidae","Panthera","onca",10353.833,81150,156.391,1590.81,1184.16,906.152,1284.905,100.745,2,0.5,364.75,820,126,3581.681,56.036,0,1,0,100,0,3,2,0,0,1,0,6,28,"captivity","large","high"
"674","Panthera_pardus","Carnivora","Felidae","Panthera","pardus",9964.5,53074.995,134.015,1643.855,810.68,937,1147.01,97,2.14,1,459.87,550,110,3400.645,45.51,0,1,0,100,0,3,1,0,0,1,0,6,27.3,"captivity","large","high"
"675","Panthera_tigris","Carnivora","Felidae","Panthera","tigris",9599.5,128800,286.731,2312.395,1522.5,1268,1216.66,105.19,2.57,0.4,785.087,1248.59,121,2920,70.27,0,1,0,100,0,3,2,0,0,1,0,2,26.3,"captivity","large","high"
"681","Pecari_tajacu","Cetartiodactyla","Tayassuidae","Pecari","tajacu",11497.5,20500,99.5,910,315.68,323.839,473.5,143.359,1.82,2,154.894,657.18,50.371,2689.583,5.582,0,1,1,0,99,2,2,0,0,1,0,5,31.5,"captivity","large","high"
"682","Pedetes_capensis","Rodentia","Pedetidae","Pedetes","capensis",7315.208,2774.625,11.09,415,338.33,1034,417.34,78.02,1,3.6,100.931,269.75,46,2168.05,1.858,0,1,0,0,100,1,1,0,0,1,0,4,20,"captivity","small","acceptable"
"684","Perameles_bougainville","Peramelemorphia","Peramelidae","Perameles","bougainville",2117,226,3.326,300,136.05,120,148.05,12,1.8,4,60.833,0.25,62,726.005,0.468,0,1,70,20,10,2,1,0,0,1,0,2,5.8,"captivity","small","acceptable"
"685","Perameles_gunnii","Peramelemorphia","Peramelidae","Perameles","gunnii",2226.5,801.5,4.662,323.35,107.64,99.32,119.89,12.25,2.155,3.8,64.956,0.235,59.995,706.157,0.939,0,1,70,20,10,2,1,0,0,1,0,2,6.1,"captivity","medium","acceptable"
"686","Perameles_nasuta","Peramelemorphia","Peramelidae","Perameles","nasuta",2044,720.26,5.139,425,139.04,137.02,121.66,12.12,2.565,2.92,52.964,0.238,66.495,679.139,0.885,0,1,70,20,10,2,1,0,0,1,0,4,5.6,"captivity","small","acceptable"
"688","Perodicticus_potto","Primates","Lorisidae","Perodicticus","potto",9782,1011,11.98,355,561.58,561.58,750.07,193,1.03,1,275.836,40.51,132.092,3326.99,1.066,0,2,10,0,90,2,1,0,0,1,0,1,32.4,"captivity","small","acceptable"
"691","Perognathus_parvus","Rodentia","Heteromyidae","Perognathus","parvus",2117,20.1,0.487,81.57,341.37,100,365.12,24,4.8,1.6,279.833,1.5,22.913,791.675,0.124,0,1,10,0,90,2,1,0,0,1,0,5,5.8,"captivity","small","acceptable"
"694","Peromyscus_eremicus","Rodentia","Cricetidae","Peromyscus","eremicus",2701,21.75,0.54,91.2,54.07,128.744,80.745,26,2.6,3.5,38.723,2.33,24.958,856.09,0.129,1,2,50,10,40,2,1,0,0,1,0,2,7.4,"captivity","medium","acceptable"
"696","Peromyscus_leucopus","Rodentia","Cricetidae","Peromyscus","leucopus",2920,22.3,0.6,100.705,45.15,70.916,106.45,25.262,4.345,3.9,26.282,1.89,22.33,661.283,0.131,1,2,50,10,40,2,1,0,0,1,0,4,7.9,"captivity","small","acceptable"
"697","Peromyscus_maniculatus","Rodentia","Cricetidae","Peromyscus","maniculatus",3041.667,20.5,0.57,98.875,48.05,59.958,86.72,26,4.615,3.55,26.782,1.83,22.575,940.126,0.125,1,2,50,10,40,1,1,0,0,1,0,7,8.3,"captivity","medium","acceptable"
"704","Petaurus_breviceps","Diprotodontia","Petauridae","Petaurus","breviceps",6497,127.55,2.09,170.755,320.03,278.015,403.02,16.34,2,1.3,310.787,0.187,120.325,1969.159,0.342,0,2,40,10,50,2,1,0,0,1,0,3,17.8,"captivity","large","high"
"709","Petrogale_xanthopus","Diprotodontia","Macropodidae","Petrogale","xanthopus",5256,7249.995,23,800,581.78,561.39,541.3,32.08,1.06,1.5,195.866,0.49,343.025,1781.543,3.151,0,1,0,0,100,1,1,0,0,1,0,1,14.4,"captivity","medium","acceptable"
"715","Phascolarctos_cinereus","Diprotodontia","Phascolarctidae","Phascolarctos","cinereus",8066.5,5646.87,20.2,850,834.72,646,730,31,1.005,1,422.211,0.36,342,2746.443,2.747,0,2,0,0,100,1,1,0,0,1,0,2,22.1,"captivity","large","high"
"717","Philantomba_maxwellii","Cetartiodactyla","Bovidae","Philantomba","maxwellii",6679.5,6250,38,747.615,344.87,487,1095,193,1,1,264.819,827.49,60.872,2287.577,2.904,0,1,0,10,90,2,1,0,0,1,0,3,18.3,"captivity","small","acceptable"
"718","Philantomba_monticola","Cetartiodactyla","Bovidae","Philantomba","monticola",5803.5,4896.05,41.25,671.15,351.59,486.976,577.91,195.703,1,1.29,264.819,800,27.28,1818.121,2.539,0,1,0,10,90,2,1,0,0,1,0,1,15.9,"captivity","medium","acceptable"
"742","Callicebus_moloch","Primates","Pitheciidae","Plecturocebus","moloch",9563,850,19,484.325,1262.74,1095.696,1095,164,1.01,1,364.75,74.4,106.526,3503.088,0.969,0,2,20,0,80,2,3,0,0,1,0,1,26.2,"captivity","tiny","acceptable"
"743","Podomys_floridanus","Rodentia","Cricetidae","Podomys","floridanus",2707.083,31.025,0.94,115.09,40.36,40.36,63.36,23.218,2.6,3.71,32.977,2.4,25,838.087,0.157,0,1,30,0,70,2,1,0,0,1,0,4,7.4,"captivity","small","acceptable"
"746","Pongo_pygmaeus","Primates","Hominidae","Pongo","pygmaeus",21900,58941.645,364.214,1195,3318.62,2936.81,3591.6,259.42,1.14,0.22,1709.579,1671.93,1088.8,7300,9.978,0,2,10,10,80,2,3,0,0,1,0,1,59,"captivity","large","acceptable"
"747","Potamochoerus_porcus","Cetartiodactyla","Suidae","Potamochoerus","porcus",8227.708,71000,155.6,1434.65,1113.7,1096,1234.7,120,3,1.1,364.75,762,91.154,3134.384,11.053,0,1,0,20,80,2,1,0,0,1,0,1,22,"captivity","large","high"
"750","Potos_flavus","Carnivora","Procyonidae","Potos","flavus",14016,2420.905,27.232,634.77,858.41,830.778,974.31,115.9,1,1,364.75,173.42,114.065,4160.295,1.724,0,2,10,10,80,2,1,0,0,1,0,1,38.4,"captivity","medium","acceptable"
"751","Praomys_tullbergi","Rodentia","Muridae","Praomys","tullbergi",1898,36.97,0.86,120.79,57.07,81.873,114.83,24,3.5,4,23.984,2.7,24.958,631.949,0.173,0,1,20,0,80,2,1,0,0,1,0,1,5.2,"captivity","small","acceptable"
"754","Prionailurus_bengalensis","Carnivora","Felidae","Prionailurus","bengalensis",6314.5,4150,30.427,779.923,855.31,563.675,921.4,66.046,2.5,1.64,164.168,93.86,44.741,2350.843,13.054,0,1,0,100,0,3,2,0,0,1,0,3,17,"captivity","medium","acceptable"
"759","Procavia_capensis","Hyracoidea","Procaviidae","Procavia","capensis",5405.042,2750,19.725,508.685,487.07,500,2190,226.449,2.44,1,364.75,218.59,88.258,3079.14,1.849,0,2,0,0,100,1,2,0,0,1,0,4,14.8,"captivity","medium","acceptable"
"761","Procyon_lotor","Carnivora","Procyonidae","Procyon","lotor",7665,5075,41.653,600,561.28,365,625.28,63.914,3.39,1,364.75,80,91,2703.919,2.59,0,2,19,52,29,2,1,0,0,1,0,1,21,"captivity","large","acceptable"
"765","Propithecus_diadema","Primates","Indriidae","Propithecus","diadema",4036.292,6414.495,41.23,525.87,1683.65,1618.856,1553.07,166.283,1.01,0.62,744.69,134.995,266.619,3650,2.946,0,2,0,0,100,1,3,0,0,1,0,1,21,"wild","small","questionable"
"767","Propithecus_verreauxi","Primates","Indriidae","Propithecus","verreauxi",11132.5,3588.26,26.7,511.245,943.94,943.94,1668.05,148,1.02,1,450.691,77.64,177.83,3650,2.14,0,2,0,0,100,1,3,0,0,1,0,2,31,"wild","medium","acceptable"
"770","Pseudantechinus_macdonnellensis","Dasyuromorphia","Dasyuridae","Pseudantechinus","macdonnellensis",2883.5,39.99,0.508,105,355.43,350,399.29,44.36,5.94,1,364.75,0.011,106,838.185,1.342,0,1,100,0,0,3,1,0,0,1,0,2,7,"captivity","small","acceptable"
"779","Pteronura_brasiliensis","Carnivora","Mustelidae","Pteronura","brasiliensis",6314.5,24000,92.231,1268.995,730.232,730.232,550,68.785,1.94,1,364.75,204.25,120.48,2190,30.847,0,1,40,60,0,3,3,1,0,1,0,3,17.3,"captivity","small","acceptable"
"794","Puma_concolor","Carnivora","Felidae","Puma","concolor",8687,48000,132.843,1677.665,1034.61,912,623.54,92.3,2.76,0.47,681.488,400,90,2693.79,43.323,0,1,0,100,0,3,2,0,0,1,0,5,27,"captivity","large","acceptable"
"799","Raphicerus_campestris","Cetartiodactyla","Bovidae","Raphicerus","campestris",5110,11333.33,50.458,887.495,233.81,233.81,437.31,198.747,1,1.42,216.851,920,91,1744.588,4.029,0,1,0,0,100,1,2,0,0,1,0,3,9.3,"captivity","medium","acceptable"
"803","Rattus_rattus","Rodentia","Muridae","Rattus","rattus",1533,200,1.816,201.99,115.29,102.645,143.14,22.261,5.95,4.28,33.602,4.55,26.087,546.199,0.437,0,2,30,0,70,2,1,0,0,1,0,5,4.2,"captivity","large","acceptable"
"804","Ratufa_bicolor","Rodentia","Sciuridae","Ratufa","bicolor",7166.167,2000,11.01,388.235,1078.478,1078.478,1109.75,31.729,1.65,2,213.354,77,51.6,2327.158,1.552,0,2,10,10,80,1,3,0,0,1,0,1,19,"captivity","tiny","acceptable"
"807","Redunca_fulvorufula","Cetartiodactyla","Bovidae","Redunca","fulvorufula",5797.417,30000,120.5,1415,326.81,388,546.305,222.99,1,1.1,352.673,2719.09,82.12,1914.521,6.882,0,1,0,0,100,1,2,0,0,1,0,3,15,"captivity","small","acceptable"
"810","Rhinoceros_unicornis","Perissodactyla","Rhinocerotidae","Rhinoceros","unicornis",17885,1600000,786,3771.695,2069.22,2069.22,2618.87,479,1,0.3,879.123,58204.55,456,6851.989,61.316,0,1,0,0,100,1,2,1,0,1,0,2,43.5,"captivity","medium","acceptable"
"821","Rucervus_eldii","Cetartiodactyla","Cervidae","Rucervus","eldii",7482.5,95471.61,166.9,1675,531.64,531.64,958.12,240.19,1.01,1,377.092,4750,239.836,1825,13.009,0,1,0,0,100,1,2,1,0,1,0,6,20.5,"captivity","large","high"
"829","Saguinus_geoffroyi","Primates","Callitrichidae","Saguinus","geoffroyi",9563,453.77,15.442,274.995,549,548,690,172.118,1.945,1.175,240.735,41,53.849,2659.825,0.686,0,2,40,0,60,2,3,0,0,1,0,1,20.5,"captivity","medium","acceptable"
"833","Saguinus_midas","Primates","Callitrichidae","Saguinus","midas",7665,547.18,10.253,287.105,841.82,624.491,730,132.62,2,1.4,206.688,40,71,2444.77,0.761,0,2,40,0,60,2,3,0,0,1,0,2,21,"captivity","large","high"
"834","Saguinus_mystax","Primates","Callitrichidae","Saguinus","mystax",7300,543.5,10.962,310,556.85,521.425,703.49,148.28,1.93,1.62,168.135,46.9,171.025,2701.529,0.758,0,2,40,0,60,2,3,0,0,1,0,1,20,"captivity","small","acceptable"
"835","Saguinus_oedipus","Primates","Callitrichidae","Saguinus","oedipus",9563,445.5,9.639,274.995,680.38,614.19,942.91,177.873,1.9,1,238.367,39.79,52,2190,0.679,0,2,40,0,60,2,3,0,0,1,0,1,26.2,"captivity","large","high"
"837","Saimiri_sciureus","Primates","Cebidae","Saimiri","sciureus",11023,836.7,24.273,341,1399.88,1090.589,1073.25,164.09,1,1.07,373.869,107.5,177,3789.318,0.961,0,2,20,20,60,2,3,0,0,1,0,1,30.2,"captivity","large","high"
"838","Sapajus_apella","Primates","Cebidae","Sapajus","apella",16790,2642.5,69.307,493.845,1760.81,1727.448,2058.6,158,1.05,0.6,663.546,235.54,307,5475,1.809,0,2,26.5,16,57.5,2,3,0,0,1,0,2,46,"captivity","large","high"
"839","Sarcophilus_harrisii","Dasyuromorphia","Dasyuridae","Sarcophilus","harrisii",4766.292,6500,16.669,678.93,777.31,730.56,800.81,26,2.94,1,364.75,0.022,243.33,1704.215,16.265,0,1,0,100,0,3,1,0,0,1,0,2,13,"captivity","medium","acceptable"
"846","Sciurus_vulgaris","Rodentia","Sciuridae","Sciurus","vulgaris",5402,328.875,6.027,213.17,360.85,300.2,273.75,38,4.43,2,91.063,10,64.51,1612.753,0.575,0,2,0,0,100,1,3,0,0,1,0,2,14.8,"captivity","medium","acceptable"
"852","Setonix_brachyurus","Diprotodontia","Macropodidae","Setonix","brachyurus",5040.042,2821.15,17.5,600,442.19,347.095,410.62,26.945,1,1.4,354.757,0.382,249.12,1460,1.875,0,1,0,0,100,1,1,0,0,1,0,3,13.8,"captivity","small","acceptable"
"860","Sorex_araneus","Eulipotyphla","Soricidae","Sorex","araneus",1168,8.195,0.208,75.06,312.9,325.97,334.15,21,6.56,1.9,42.251,0.44,25,524.782,0.075,0,1,70,30,0,2,2,0,0,1,0,2,3.2,"captivity","small","acceptable"
"863","Speothos_venaticus","Carnivora","Canidae","Speothos","venaticus",5146.5,6000,41.906,687.365,344.87,319.598,412.76,67.89,4.13,2,248.3,157.5,101.176,1559.12,15.639,0,1,0,100,0,3,2,0,0,1,0,5,14.1,"captivity","medium","acceptable"
"867","Spilogale_putorius","Carnivora","Mephitidae","Spilogale","putorius",3832.5,583.245,5.582,319.745,196.96,196.96,228.955,32.99,5,1.5,243.163,12.29,50,1257.257,4.991,0,1,30,40,30,3,1,0,0,1,0,4,10.5,"captivity","small","acceptable"
"877","Suricata_suricatta","Carnivora","Herpestidae","Suricata","suricatta",7519,776,10.81,317.855,377.37,365,365,77,3.86,1,364.75,29.75,44,1868.07,0.922,0,1,70,20,10,2,3,0,0,1,0,4,20.6,"captivity","large","high"
"881","Sylvicapra_grimmia","Cetartiodactyla","Bovidae","Sylvicapra","grimmia",5621,18500,76.611,1055.355,293.14,293.14,608.33,165,1,1.4,239.336,1581.45,125.915,1986.498,5.275,0,1,0,10,90,1,1,0,0,1,0,6,15.4,"captivity","medium","acceptable"
"883","Sylvilagus_floridanus","Lagomorpha","Leporidae","Sylvilagus","floridanus",3577,1178.595,7.56,400.5,106.05,123,134.55,28.696,5,3.9,30.204,37.165,24,1107.051,1.16,0,1,0,0,100,1,2,0,0,1,0,9,9.8,"captivity","small","acceptable"
"886","Sylvilagus_transitionalis","Lagomorpha","Leporidae","Sylvilagus","transitionalis",3577,1150,7.17,371,121.763,121.763,148,28,4.775,3.89,30.204,34.24,22.78,1089.485,1.145,0,1,0,0,100,1,2,0,0,1,0,3,9.3,"captivity","tiny","acceptable"
"888","Syncerus_caffer","Cetartiodactyla","Bovidae","Syncerus","caffer",10877,646332.99,583.286,2962.93,1683.65,1475,1460,333.355,1.08,0.4,636.439,43431.25,289,4169.76,37.244,0,1,0,0,100,1,2,0,0,1,0,5,32.8,"captivity","medium","acceptable"
"889","Tachyglossus_aculeatus","Monotremata","Tachyglossidae","Tachyglossus","aculeatus",18250,3169.5,22.08,375,556.85,552.425,576.71,19.86,1,0.58,1003.063,0.374,185.04,5687.02,11.439,1,1,100,0,0,3,2,0,0,1,0,5,49.5,"captivity","medium","acceptable"
"900","Taxidea_taxus","Carnivora","Mustelidae","Taxidea","taxus",9490,8000,53.537,639.175,365,223.705,407.4,43.8,3,0.74,364.75,93.5,51.132,3030.663,18.006,0,1,8,88,4,3,1,0,0,1,0,2,25,"captivity","small","acceptable"
"908","Thylogale_billardierii","Diprotodontia","Macropodidae","Thylogale","billardierii",3650,5432.93,22.896,630,418.85,426.925,441.04,29.865,1,1,244.083,0.41,245.585,1308.128,2.689,0,1,0,0,100,1,2,0,0,1,0,2,8.8,"captivity","tiny","acceptable"
"909","Thylogale_brunii","Diprotodontia","Macropodidae","Thylogale","brunii",5511.5,4796,18.13,539.59,505.1,343.92,373.81,29.89,1,1,364.75,0.434,320,1825,2.511,0,1,0,0,100,1,2,0,0,1,0,2,9.4,"captivity","tiny","acceptable"
"919","Tragelaphus_angasii","Cetartiodactyla","Bovidae","Tragelaphus","angasii",6752.5,100666.67,227,1742.93,645.51,452,695.78,224,1,1.21,295.797,5232.5,213,2275.812,13.393,0,1,0,0,100,1,2,0,0,1,0,3,23,"captivity","medium","acceptable"
"921","Tragelaphus_imberbis","Cetartiodactyla","Bovidae","Tragelaphus","imberbis",7227,82500,214,1712.5,666.44,666.44,1115.07,235,1,1.31,258.363,5891.21,274,2555,12.005,0,1,0,0,100,1,2,0,0,1,0,3,19.8,"captivity","medium","acceptable"
"924","Tragelaphus_strepsiceros","Cetartiodactyla","Bovidae","Tragelaphus","strepsiceros",8577.5,206056.41,380,2324.995,665.38,560.022,912.5,225.536,1,1,364.75,15758.285,182.808,3100.067,19.861,0,1,0,0,100,1,2,0,0,1,0,3,23.5,"captivity","large","high"
"930","Trichosurus_vulpecula","Diprotodontia","Phalangeridae","Trichosurus","vulpecula",5803.5,2001.167,11.421,526.39,420.91,367.053,547.5,17.25,1.007,1.6,273.748,0.24,194.235,2008.23,1.552,0,2,0,0,100,2,1,0,0,1,0,3,15.9,"captivity","medium","acceptable"
"932","Tupaia_glis","Scandentia","Tupaiidae","Tupaia","glis",4532.083,159,3.144,207.5,122.77,106.385,203.75,46,2.22,2.5,45.119,12.94,35.805,1458.085,0.386,0,2,90,0,10,2,3,0,0,1,0,1,12.4,"captivity","medium","acceptable"
"937","Urocyon_cinereoargenteus","Carnivora","Canidae","Urocyon","cinereoargenteus",5913,4220,42.177,670.85,350.76,345,410,61.48,3.895,1,364.75,95.33,55,1955.549,2.34,0,1,10,30,60,2,2,0,0,1,0,2,16.2,"captivity","medium","acceptable"
"938","Ursus_americanus","Carnivora","Ursidae","Ursus","americanus",12410,132405,275.294,1590.435,1448.45,1278,1797.62,91.008,2.465,0.4,775.094,288.07,195.81,4734.077,15.572,1,1,13,0,87,2,1,0,0,1,0,4,34,"captivity","large","acceptable"
"939","Ursus_arctos","Carnivora","Ursidae","Ursus","arctos",18250,240500,358.816,2285,1327.95,1320.475,1460,103,2.27,0.4,881.646,499.99,213,5976.267,21.623,1,1,6,9,85,2,2,0,0,1,0,5,40,"captivity","large","acceptable"
"940","Ursus_maritimus","Carnivora","Ursidae","Ursus","maritimus",16425,371703.81,475.508,2246.275,1850.26,1734,1825,147.416,1.66,0.4,790.294,649.625,326.44,5475,27.474,1,1,0,100,0,2,2,0,1,1,0,7,43.8,"captivity","medium","acceptable"
"941","Ursus_thibetanus","Carnivora","Ursidae","Ursus","thibetanus",14308,99714.19,324.677,1652.85,1015,1015,1095,213.052,1.67,1.1,364.75,357.5,98.917,3650,13.324,1,1,10,20,70,1,2,0,0,1,0,5,39.2,"captivity","medium","acceptable"
"943","Varecia_variegata","Primates","Lemuridae","Varecia","variegata",13176.5,3670,30.583,553.675,701.52,652.76,700.8,100.328,2.2,1,364.75,89.595,111.85,3285,2.167,0,2,0,0,100,1,2,0,0,1,0,1,40,"captivity","large","high"
"947","Vicugna_vicugna","Cetartiodactyla","Camelidae","Vicugna","vicugna",22435.333,50000,198,1737.5,941.19,730,1140.62,345.45,1,0.7,547.375,5841.67,213.052,3674.847,9.115,0,1,0,0,100,1,3,0,0,1,0,4,31.6,"captivity","medium","acceptable"
"951","Vombatus_ursinus","Diprotodontia","Vombatidae","Vombatus","ursinus",10959.125,25750,61.124,1093.39,755.15,742.575,783.65,28.5,1,0.77,729.5,0.495,398.725,3542.014,6.328,0,1,0,0,100,1,1,0,0,1,0,2,30,"captivity","small","acceptable"
"953","Vulpes_corsac","Carnivora","Canidae","Vulpes","corsac",5070.458,2700,35.74,589.135,1024.89,511.629,1078.885,53.872,5,1.05,364.75,62.5,28.305,2173.375,1.83,0,1,20,70,10,2,1,0,0,1,0,3,13,"captivity","medium","acceptable"
"954","Vulpes_lagopus","Carnivora","Canidae","Vulpes","lagopus",5949.5,3600,37.649,619.905,293.89,304,346.385,52.495,8.12,1,364.75,70,49.5,1871.187,12.176,0,1,10,90,0,3,3,0,1,1,0,1,16.3,"captivity","medium","acceptable"
"956","Vulpes_pallida","Carnivora","Canidae","Vulpes","pallida",7969.167,10148.9,25.931,650.8,293.593,313.186,365,62.067,5.49,1,364.75,224.88,54.919,1529.35,3.792,0,1,0,80,20,2,1,0,0,1,0,2,16,"captivity","small","acceptable"
"958","Vulpes_velox","Carnivora","Canidae","Vulpes","velox",7300,2088,33.231,514.395,470.29,365,524.64,53.7,4.44,1,364.75,39.65,47.08,2376.356,9.324,0,1,10,90,0,3,2,0,0,1,0,2,15.9,"captivity","medium","acceptable"
"959","Vulpes_vulpes","Carnivora","Canidae","Vulpes","vulpes",7774.5,4580.3,46.198,630,321.07,304,373.32,52.352,4.732,1,364.75,100.49,49.71,2105.397,2.448,0,1,1,88,11,2,2,0,0,1,0,6,21.3,"captivity","medium","acceptable"
"960","Vulpes_zerda","Carnivora","Canidae","Vulpes","zerda",5949.5,1207.5,18.026,390.615,294.06,294.06,345.06,51,2.36,1,364.75,26.28,66,1878.788,1.176,0,1,20,50,30,2,1,0,0,1,0,2,16.3,"captivity","medium","acceptable"
"961","Wallabia_bicolor","Diprotodontia","Macropodidae","Wallabia","bicolor",6132,14812.475,32.7,847,490.72,458.36,273.75,35.94,1.02,1.4,246.161,0.605,351.725,1877.378,4.668,0,1,0,0,100,1,1,0,0,1,0,3,16.8,"captivity","medium","acceptable"
